osm_id,unity_world_x,unity_world_z,altura_m,nombre
91927762,1894.486,8235.355,6.4,Jasokundeko Andre Mariaren eliza
102837531,1709.941,8146.368,6.4,Burunda frontoia
102837568,1784.717,8130.922,6.4,Iortia
103170821,1917.461,9246.268,6.4,Altsasu BHI
103171607,2029.17,9301.933,6.4,Aralarko Mikel Donea
103486726,2223.675,8270.232,6.4,Txioka
103486727,2183.164,8294.063,6.4,Otadiko Kristoaren baseliza
103528495,1495.284,8368.422,6.4,
103530809,1453.879,8511.772,6.4,
103531483,1411.842,8552.408,6.4,Atabo
103561441,1363.289,8551.542,6.4,
103561447,1383.286,8569.493,6.4,Zelandi frontoia
103563090,1425.157,8683.15,6.4,CIP FP Sakana LH
103563249,1467.582,8646.757,6.4,Albergue juvenil Santo Cristo de Otadia
103565588,1472.72,8290.31,6.4,Constantino Salinas
103571626,1911.646,8200.001,6.4,Kiosko
200577846,1540.137,8108.703,6.4,
200578084,1463.417,8098.569,6.4,Intxostiapunta
242585217,1432.878,7878.851,6.4,
242585218,1456.897,7872.846,6.4,
297053428,1718.051,8125.508,12.8,
297055048,1696.719,8126.087,6.4,
297055050,1686.417,8144.841,6.4,
297055051,1676.51,8171.575,9.6,
297055411,1660.472,8195.657,9.6,
297057684,1621.038,8140.778,12.8,
297057690,1963.749,8085.011,6.4,Altsasuko Gaztetxea
297060217,2296.765,8268.498,6.4,
297060220,2475.674,9248.346,6.4,Igerilekuak
297063533,3016.798,10146.908,6.4,Ermita de San Pedro
297067224,1653.1,8212.729,9.6,
297067225,1661.87,8218.257,9.6,
297067226,1684.53,8209.507,9.6,
297067227,1702.376,8220.453,6.4,
297067228,1716.724,8222.624,6.4,
297067229,1725.822,8222.368,9.6,
297067230,1731.06,8233.196,9.6,
297067231,1743.215,8236.661,9.6,
297071824,1746.464,8227.475,6.4,
297071827,1754.45,8221.757,6.4,
297071829,1753.39,8213.562,6.4,
297071831,1769.027,8218.869,9.6,
297071837,1775.132,8211.453,9.6,
297071839,1780.779,8205.88,9.6,
297071840,1793.048,8207.549,9.6,
297071841,1800.942,8216.208,6.4,
297071842,1797.438,8197.149,9.6,
297071843,1803.979,8195.52,6.4,
297071844,1817.128,8196.286,9.6,
297076420,1834.486,8184.019,12.8,
297076423,1834.399,8176.834,12.8,
297076433,1827.257,8145.877,9.6,
297076438,1859.184,8126.979,9.6,
297076441,1875.526,8126.838,9.6,Lavadero
297082259,1699.953,8181.162,9.6,
297082260,1707.7,8210.042,6.4,Iker eta Felix harategia
297082261,1734.703,8193.836,12.8,
297085420,1819.414,8178.681,9.6,
297085424,2058.305,8189.251,6.4,
297085425,2058.177,8196.258,6.4,
297085426,2056.464,8213.105,6.4,
297085427,2040.431,8208.956,6.4,
297085430,2051.917,8215.605,6.4,
297085431,2054.753,8179.98,6.4,
297085432,2069.911,8184.929,6.4,
297086963,2082.188,8191.837,6.4,
297092152,2032.298,8173.028,9.6,
297092153,2035.319,8167.375,9.6,
297092154,2040.815,8148.127,6.4,
297092155,2047.445,8159.918,6.4,
297092156,2050.514,8152.455,6.4,
297092157,2054.506,8145.504,6.4,
297092158,2081.894,8142.171,6.4,
297092162,2116.088,8173.529,6.4,
297092163,2138.632,8182.727,6.4,
297094485,2019.568,8188.359,6.4,
297094486,2023.309,8181.022,6.4,
297094752,2010.423,8179.384,6.4,
297097880,2023.113,8219.779,6.4,
297097881,2029.739,8228.422,6.4,
297097882,2043.651,8237.175,6.4,
297097886,2027.669,8260.083,3.2,
297097887,2043.396,8301.498,9.6,
297097888,2097.386,8313.752,9.6,
297097889,2066.271,8306.004,9.6,
297100824,2022.018,8231.449,6.4,
297100827,2018.803,8237.104,6.4,
297100829,2015.648,8245.717,6.4,
297100832,2006.185,8250.749,6.4,
297100834,2005.627,8259.333,9.6,
297100837,2001.79,8283.28,6.4,
297100840,2010.759,8284.243,9.6,
297100842,2018.992,8288.683,6.4,
297100843,2027.44,8297.016,6.4,
297100855,1983.575,8268.698,9.6,
297100858,1985.315,8250.504,6.4,
297100861,1988.07,8243.365,6.4,
297100864,1989.654,8235.509,6.4,
297102366,1985.918,8223.405,6.4,
297102367,1994.606,8208.118,6.4,
297102368,2004.823,8206.51,6.4,
297102369,2000.244,8212.405,6.4,
297102370,1993.505,8229.687,6.4,
297102371,1994.541,8222.873,6.4,
297102372,1996.874,8217.651,6.4,
297102373,1975.085,8220.954,6.4,
297102376,1902.602,8233.043,6.4,
297102377,1918.726,8219.879,9.6,
297103561,1953.984,8186.901,22.4,
297103608,1900.788,8173.725,6.4,Gure Etxea
297107848,1840.838,8105.247,6.4,
297113463,2137.936,9287.275,6.4,
297139662,1926.764,8209.384,6.4,
297139663,1932.223,8199.711,6.4,
297142263,1938.083,8209.744,6.4,
297142264,1939.83,8214.472,6.4,
297142265,1944.561,8220.125,6.4,
297142266,1952.349,8224.781,6.4,
297142267,1965.418,8225.407,6.4,
297142268,1984.865,8195.896,6.4,
297142269,1986.438,8188.65,6.4,
297142270,1987.969,8182.571,6.4,
297142271,1997.861,8162.19,6.4,
297143822,1984.854,8155.148,6.4,
297143823,1987.732,8148.319,6.4,
297143825,1958.871,8178.416,6.4,
297143826,1940.926,8187.641,6.4,
297144836,1919.6,8166.846,6.4,
297144837,1925.17,8170.839,6.4,
297144838,1946.966,8179.317,6.4,
297144840,1948.824,8171.383,6.4,
297144841,1954.841,8161.26,6.4,
297144842,1959.788,8154.983,6.4,S.C.D.R Lagun Onak
297145359,1892.241,8190.817,6.4,
297145360,1889.706,8200.684,6.4,
297145361,1877.052,8193.42,6.4,Zubeztia
297145362,1854.874,8207.813,12.8,
297145363,1861.549,8201.53,12.8,
297145824,1844.51,8208.048,6.4,
297145825,1847.746,8199.359,6.4,
297145826,1853.482,8190.076,6.4,
297145827,1832.642,8215.907,6.4,
297145828,1842.472,8224.212,6.4,
297145829,1849.811,8224.062,6.4,
297145830,1849.062,8229.819,6.4,
297146107,1857.65,8259.75,9.6,
297146108,1851.144,8270.329,6.4,
297146109,1847.351,8278.312,6.4,
297146664,1835.922,8255.772,6.4,
297146665,1834.967,8266.713,6.4,
297146666,1828.253,8314.806,6.4,
297146667,1847.584,8326.744,6.4,
297150864,1810.34,8256.664,9.6,
297150865,1810.072,8247.636,9.6,
297150866,1812.235,8243.805,6.4,
297150867,1811.359,8233.983,12.8,
297150868,1827.117,8247.3,9.6,
297150869,1822.097,8240.98,9.6,
297150870,1841.103,8249.986,9.6,
297150871,1827.043,8264.054,3.2,
297150872,1821.676,8254.995,6.4,
297150948,1790.596,8245.512,6.4,Kiosko Zelai
297153264,1793.378,8257.123,3.2,
297153265,1778.662,8260.786,6.4,
297153267,1772.376,8280.511,12.8,
297153268,1768.189,8288.337,6.4,
297153269,1759.852,8290.109,9.6,
297153270,1758.737,8298.636,6.4,
297155398,1751.469,8302.179,9.6,
297155399,1750.453,8308.481,6.4,
297155400,1747.753,8315.313,9.6,
297155401,1739.693,8320.392,9.6,
297155402,1738.658,8326.993,9.6,
297157154,1732.696,8328.083,6.4,
297157155,1737.131,8336.76,6.4,
297157156,1728.87,8339.371,6.4,
297157157,1730.66,8347.376,9.6,
297157158,1724.302,8356.029,9.6,
297157162,1721.33,8365.722,9.6,
297157163,1704.187,8370.216,9.6,
297157165,1701.171,8382.891,9.6,
297157166,1699.696,8392.742,9.6,
297157698,1690.979,8398.819,9.6,
297157699,1685.207,8402.583,9.6,
297157700,1690.35,8415.557,9.6,
297157701,1683.918,8421.959,6.4,
297157702,1669.507,8421.766,6.4,
297157703,1667.262,8438.391,6.4,
297157704,1647.025,8457.332,16.0,
297158484,1657.398,8450.115,6.4,
297158485,1651.542,8452.621,6.4,
297158486,1655.819,8459.534,6.4,
297158487,1666.704,8469.745,6.4,
297158488,1656.753,8538.415,6.4,
297158741,1829.121,8224.651,12.8,
297160853,1637.425,8464.111,6.4,
297160854,1640.352,8472.958,6.4,
297160855,1629.179,8471.389,6.4,
297160856,1612.589,8488.268,6.4,
297160857,1611.076,8495.212,6.4,
297160858,1603.853,8501.892,6.4,
297160859,1601.169,8511.88,6.4,
297160860,1602.84,8522.578,6.4,
297160862,1582.758,8529.104,3.2,
297160863,1598.378,8557.756,6.4,Josefina Arregui
297160864,1633.416,8668.157,6.4,Beilatoki
297160865,1616.955,8639.761,6.4,Josefina Arregui
297162224,1578.599,8543.982,6.4,
297162227,1566.735,8555.387,6.4,
297162230,1566.032,8566.308,6.4,
297162232,1561.117,8573.14,6.4,
297162235,1554.823,8585.868,6.4,
297162237,1550.547,8592.183,6.4,
297162241,1537.682,8602.484,6.4,
297162244,1566.031,8614.971,6.4,
297162247,1540.093,8623.19,6.4,
297162249,1531.808,8620.802,6.4,
297164759,1322.347,8716.579,6.4,Panificadora Amaya
297165188,1867.964,8259.454,9.6,
297165189,1874.999,8263.606,9.6,
297165190,1880.758,8266.201,9.6,
297165191,1895.837,8278.63,6.4,
297167107,1904.138,8274.27,6.4,
297167109,1907.478,8268.395,6.4,
297167110,1911.177,8260.216,6.4,
297167111,1905.727,8286.724,6.4,
297167112,1918.123,8288.901,6.4,
297167113,1924.869,8276.957,6.4,
297167114,1929.199,8274.519,6.4,
297167115,1943.937,8277.723,6.4,
297167116,1948.71,8286.091,6.4,
297167117,1956.522,8289.911,6.4,
297167118,1961.98,8304.864,6.4,
297186474,664.461,8385.552,6.4,
297186475,650.518,8409.076,6.4,
297186476,665.889,8434.326,6.4,
297187230,1672.826,8339.365,9.6,
297187231,1674.389,8325.372,9.6,
297187232,1687.508,8316.272,6.4,
297187233,1690.929,8307.298,9.6,
297187234,1697.386,8302.096,6.4,
297187235,1705.231,8302.109,6.4,
297187236,1706.603,8296.486,3.2,
297187237,1708.726,8292.653,6.4,
297187238,1711.067,8288.495,6.4,
297187239,1705.48,8281.911,6.4,
297187240,1716.577,8279.565,6.4,
297187241,1720.942,8271.505,6.4,
297187242,1725.911,8268.656,6.4,
297187243,1732.072,8258.862,12.8,
297190273,1714.605,8257.778,9.6,
297190274,1706.538,8256.93,6.4,
297190275,1699.368,8249.384,6.4,
297190276,1693.019,8256.236,9.6,
297190277,1703.964,8275.007,3.2,
297190279,1699.806,8270.559,3.2,
297190280,1694.192,8272.158,6.4,
297190987,1687.271,8267.202,6.4,
297190990,1679.833,8267.752,6.4,
297190992,1673.93,8265.657,6.4,
297190994,1670.756,8261.605,6.4,
297192117,1663.59,8268.212,6.4,
297205303,1658.893,8277.353,6.4,
297205305,1661.719,8280.215,6.4,
297205306,1654.579,8267.209,9.6,
297205307,1646.71,8256.567,9.6,
297205309,1636.389,8261.318,9.6,
297205310,1627.166,8255.756,6.4,
297205311,1617.874,8259.877,6.4,
297205312,1609.787,8262.702,9.6,
297205313,1599.843,8251.374,9.6,
297205316,1624.331,8282.859,6.4,
297206006,1586.882,8239.089,6.4,Kiosk
297206007,1596.265,8272.631,6.4,
297206451,1581.602,8267.907,6.4,
297206452,1569.945,8265.26,6.4,
297206453,1562.314,8251.084,6.4,
297214464,1557.061,8264.478,6.4,
297214465,1563.624,8274.408,6.4,
297214468,1567.327,8294.192,6.4,
297214469,1585.414,8286.413,6.4,
297214470,1612.607,8299.804,6.4,
297214471,1621.991,8309.832,6.4,
297214472,1632.585,8309.382,6.4,
297214473,1645.104,8316.156,6.4,
297214474,1661.925,8324.918,6.4,
297217474,1665.912,8352.15,9.6,
297217479,1648.3,8344.365,6.4,
297217482,1634.859,8343.317,6.4,
297217484,1623.093,8342.565,6.4,
297217487,1612.005,8334.99,6.4,
297217492,1606.98,8330.863,6.4,
297217494,1590.147,8331.178,6.4,
297217496,1574.183,8324.659,6.4,
297218287,1565.57,8373.2,6.4,
297220748,1510.993,8321.451,6.4,
297220749,1536.77,8323.023,6.4,
297221724,1655.305,8357.839,9.6,
297221725,1644.533,8365.69,6.4,
297221726,1629.927,8374.065,9.6,
297221727,1635.924,8391.036,6.4,
297221728,1629.033,8394.04,6.4,
297222291,1623.056,8397.018,6.4,
297222292,1619.97,8403.381,6.4,
297222293,1616.114,8408.555,6.4,
297222294,1612.305,8413.556,6.4,
297222295,1607.889,8419.631,6.4,
297222296,1611.721,8431.011,6.4,
297222297,1604.167,8437.948,6.4,
297222298,1597.532,8447.094,6.4,
297226310,1579.341,8463.38,6.4,
297226311,1560.894,8447.95,6.4,
297226312,1577.906,8472.222,6.4,
297271235,1574.127,8478.329,6.4,
297271237,1563.779,8487.414,6.4,
297271238,1561.062,8502.678,6.4,
297271239,1548.68,8506.036,6.4,
297271240,1514.751,8510.861,6.4,
297271241,1533.381,8528.054,6.4,
297272104,1549.877,8532.775,6.4,
297272105,1545.941,8541.014,6.4,
297274398,1543.458,8545.063,6.4,
297274399,1540.205,8550.392,6.4,
297274400,1532.994,8556.683,6.4,
297274401,1529.096,8568.455,6.4,
297274402,1515.172,8586.661,6.4,
297274403,1508.352,8600.782,6.4,
297274404,1505.876,8609.212,6.4,
297274405,1499.439,8616.934,6.4,
297281604,1893.398,8104.732,6.4,
297281605,1902.44,8090.408,6.4,
297281606,1911.347,8081.097,6.4,
297281607,1918.908,8069.65,6.4,
297281608,1937.669,8032.966,6.4,
297281609,1906.275,8064.85,6.4,
297281935,1888.448,8015.086,6.4,
297283760,1909.593,8004.644,6.4,
297283762,1868.902,7979.576,6.4,
297283763,1851.297,7972.542,6.4,
297283764,1802.007,7970.453,6.4,
297283765,1815.887,7974.778,6.4,
297283766,1796.327,7968.017,6.4,
297284549,1830.931,8006.315,6.4,
297284550,1835.226,7998.069,6.4,
297284551,1843.546,7997.54,6.4,
297284552,1846.744,7992.279,6.4,
297284553,1841.617,8006.274,6.4,
297284554,1851.375,8004.512,6.4,
297284555,1863.841,8000.056,6.4,
297284556,1858.515,8010.006,6.4,
297284557,1854.604,8017.222,6.4,
297328549,1883.354,8172.249,6.4,
297328550,1882.788,8167.8,6.4,
297328551,1887.41,8164.62,6.4,
297328552,1902.48,8155.451,6.4,
297328553,1911.961,8147.022,6.4,
297328554,1901.708,8144.676,6.4,
297330039,1900.1,8130.226,6.4,
297330040,1908.377,8127.483,6.4,
297330041,1916.749,8131.989,6.4,
297330042,1905.555,8120.563,6.4,
297330043,1915.066,8120.084,6.4,
297331886,1921.518,8110.894,6.4,
297331887,1934.9,8097.511,6.4,
297340700,1942.717,8085.849,6.4,
297340701,1949.364,8068.538,6.4,
297340702,1954.885,8061.148,6.4,
297340703,1960.412,8048.398,6.4,
297340704,1974.861,8027.665,6.4,
297340708,1996.166,7951.208,6.4,
297340709,1946.349,7968.9,6.4,
297347707,797.181,8233.119,6.4,
297347708,818.557,8130.818,6.4,Altsasu
297347709,828.737,8082.571,6.4,
297360032,1921.614,7922.101,6.4,
297360040,1975.233,7955.948,6.4,
297360042,1975.774,7941.901,6.4,
297360044,1979.714,7927.636,6.4,
297360045,2039.361,7824.862,6.4,
297360046,2040.859,7802.668,6.4,
297360049,2041.795,7789.996,6.4,
297360053,2062.409,7807.253,6.4,
297361982,2184.71,7863.14,6.4,
297361983,2211.25,7814.919,6.4,
297361989,2304.398,7715.899,6.4,
297361991,2292.221,7755.506,6.4,Izelai
297375895,2196.53,7736.355,6.4,Foruzaingoa
297375896,2185.278,7761.577,6.4,Suhiltzaileak - Bomberos
297375897,2211.29,7688.078,6.4,
297375898,2219.214,7719.879,6.4,
297375899,2237.33,7670.849,6.4,
297375900,2264.901,7607.277,6.4,
297389255,2485.854,7722.164,6.4,Avia
297389256,2622.368,7893.79,6.4,
297389257,2597.537,7864.142,6.4,
297389260,2451.003,7837.98,6.4,Eguzkia NKH
297389261,2374.001,7825.681,6.4,Ramos - Suministros
297390695,2384.696,7905.788,6.4,Ramos - Ingeniería
297390696,2326.879,7875.439,6.4,
297392689,2249.144,7929.916,6.4,
297392690,2344.148,8050.177,6.4,
297392691,2343.929,8000.609,6.4,
297392692,2347.769,7975.84,6.4,
297392693,2376.611,7976.437,6.4,
297392694,2407.827,7974.021,6.4,
297392695,3030.419,7791.95,6.4,Unamuno pentsuak
297445882,2436.72,7780.882,6.4,
297445883,2348.498,7745.831,6.4,
297445884,2365.544,7646.21,6.4,
297445885,2376.838,7648.86,6.4,
297445886,2397.655,7647.012,6.4,
297445899,2654.778,7830.791,6.4,
297445903,2653.777,7777.873,6.4,Carburos Metálicos
297448652,2616.408,7993.402,6.4,
297448654,2703.596,7991.584,6.4,
297448655,2736.893,7962.055,6.4,
297448657,2760.485,7942.165,6.4,
297448658,2791.701,7935.014,6.4,
297448667,2848.849,7761.975,6.4,
297448669,2732.669,7791.774,6.4,Triman
297448672,2904.029,7747.968,6.4,Gabirondo
297493091,3042.834,7839.999,6.4,
297493092,3110.287,7775.472,6.4,
297493095,3103.829,7471.278,6.4,
297494687,1926.743,8150.376,6.4,
297494688,1935.408,8156.599,6.4,
297494689,1937.653,8148.75,6.4,
297494690,1939.197,8130.738,6.4,
297494691,1943.311,8126.853,6.4,
297494692,1947.262,8122.064,6.4,
297494693,1950.839,8113.27,6.4,
297494696,1981.856,8058.151,6.4,
297494697,1983.602,8052.547,6.4,
297494698,1987.448,8046.34,6.4,
297494699,1983.702,8033.78,6.4,
297494700,1976.541,8035.778,6.4,
297496719,1950.582,8136.549,6.4,
297496722,1955.591,8129.168,6.4,
297496725,1964.08,8121.77,6.4,
297503950,1971.736,8113.538,6.4,
297503951,1973.909,8108.309,6.4,
297503952,1974.696,8102.549,6.4,
297503953,1975.512,8090.438,6.4,
297503954,1992.082,8060.781,6.4,
297503955,1998.943,8071.85,6.4,
297503956,2003.909,8065.374,6.4,
297503957,2006.941,8058.726,6.4,
297503960,2013.626,8040.639,6.4,
297503961,1996.543,8048.38,6.4,
297518880,1931.938,8226.795,3.2,
297518881,1937.209,8233.677,6.4,
297518882,1947.726,8235.096,9.6,
297518883,1962.627,8237.583,6.4,
297518884,1970.39,8236.114,6.4,
297518885,1961.533,8256.938,6.4,
297518886,1957.416,8265.121,9.6,
297518887,1970.19,8266.673,6.4,
297518888,1981.303,8276.984,6.4,
297518890,1972.077,8362.266,6.4,
297518892,1996.763,8366.426,6.4,
297519876,2059.855,8335.799,6.4,
297519877,2065.714,8349.425,6.4,
297519879,2079.358,8370.44,9.6,
297519880,2084.324,8377.164,6.4,
297519881,2106.824,8363.618,6.4,
297519882,2095.958,8336.874,6.4,
297519883,2109.844,8334.434,6.4,
297519884,2123.35,8334.964,6.4,
297521079,2119.172,8472.911,3.2,
297521080,2123.195,8484.527,3.2,
297521081,2104.314,8402.23,6.4,
297522422,2023.309,8337.276,6.4,
297522423,2027.86,8342.123,6.4,
297522424,2031.517,8346.744,6.4,
297522425,2038.418,8349.443,6.4,
297522426,2037.176,8356.273,6.4,
297522427,2040.759,8361.951,6.4,
297522428,2042.477,8367.756,6.4,
297522429,2044.096,8373.762,6.4,
297522430,2045.765,8379.901,6.4,
297522431,2047.548,8385.164,6.4,
297522432,2049.16,8390.848,6.4,
297522433,2050.914,8397.368,6.4,
297523799,2059.003,8422.08,6.4,
297523800,2050.589,8422.221,6.4,
297523801,2043.045,8419.662,6.4,
297523802,2036.694,8418.111,6.4,
297523803,2029.599,8416.419,6.4,
297523804,2069.217,8438.998,6.4,
297602139,1145.129,7582.454,6.4,
297602140,1058.218,7614.867,6.4,
297602141,957.937,7626.207,6.4,
297602142,1013.488,7523.81,6.4,
297602143,1132.691,7498.7,6.4,
297602145,1076.67,7433.501,6.4,
297646221,2075.421,8467.18,6.4,
297646222,2051.364,8471.154,6.4,
297646223,2060.133,8491.583,6.4,
297646224,2030.032,8523.325,6.4,
297646225,2019.848,8536.729,6.4,
297646229,2088.382,8490.67,12.8,
297646230,2101.298,8510.788,6.4,
297646232,2130.461,8544.858,6.4,
297646233,2244.671,8716.746,3.2,
297646235,2235.764,8697.302,3.2,
297646237,2238.113,8770.082,6.4,
297646240,2290.188,8856.007,6.4,
297646241,2255.555,8901.158,6.4,
297647820,2000.973,8156.818,6.4,
297647821,2023.002,8170.554,6.4,
297647822,2026.163,8165.402,6.4,
297647823,2026.98,8149.012,6.4,
297647826,2011.917,8144.288,6.4,
297647827,2008.119,8151.524,6.4,
297647831,2002.715,8123.963,6.4,
297647832,2000.118,8114.913,6.4,
297647833,2003.882,8109.413,6.4,
297647834,2013.808,8116.764,6.4,
297647835,2010.537,8121.754,6.4,
297648145,2003.642,8142.951,6.4,
297648146,2000.115,8135.447,6.4,
297648147,1991.953,8130.499,6.4,
297648148,1995.829,8142.806,6.4,
297648149,1987.853,8137.863,6.4,
297648150,2033.734,8106.109,6.4,
297699633,2024.986,8109.15,6.4,
297699634,2019.179,8108.86,6.4,
297699635,2009.755,8103.161,6.4,
297699636,2025.416,8097.176,6.4,
297699637,2021.865,8090.815,6.4,
297699638,2022.566,8084.685,6.4,
297699639,2026.288,8078.717,6.4,
297699641,2037.5,8070.808,6.4,
297699642,2046.094,8074.863,6.4,
297699643,2029.328,8067.566,6.4,
297699644,2035.665,8062.69,6.4,
297699645,2045.558,8065.819,6.4,
297699646,2051.878,8069.197,6.4,
297725348,2071.451,8100.215,6.4,
297725350,2087.121,8110.038,6.4,
297725351,2072.017,8090.703,6.4,
297725352,2072.533,8083.109,6.4,
297725353,2083.917,8092.601,6.4,
297725354,2089.066,8094.798,6.4,
297725356,2094.377,8097.114,6.4,
297725358,2100.186,8099.626,6.4,
301232710,2137.157,8119.136,6.4,
301232713,2163.568,8130.001,6.4,
303983009,1481.474,8034.113,6.4,
303983011,1455.485,8053.128,6.4,
303983012,1528.197,8081.918,6.4,
303983014,1592.74,8081.459,6.4,
303983016,1633.353,8027.004,6.4,
303983017,1428.125,8022.582,6.4,
303983018,1611.391,8088.073,6.4,
303983019,1614.587,8020.323,6.4,
303983021,1573.957,8133.94,6.4,
303983022,1574.687,8073.049,6.4,
303983023,1555.439,8127.2,6.4,
303983024,1592.544,8140.812,6.4,
303983025,1440.738,8047.795,6.4,
303983026,1469.87,8057.687,6.4,
303983028,1514.275,8113.308,6.4,
363800516,1238.087,8353.132,6.4,San Joan baseliza
365508282,3025.831,10147.897,6.4,San Pedro ermita
427820128,1988.047,7819.031,6.4,
590205681,1471.955,8081.377,6.4,Club de jubilados
590205682,1096.493,7984.982,6.4,Altsasuko Kaputxinoen komentua
590205683,1068.092,7986.967,6.4,
625507917,574.029,9179.15,6.4,
625507919,849.262,9082.853,6.4,
625507925,980.324,9007.87,6.4,
625507926,964.567,9024.494,6.4,
625508691,1140.763,9053.919,6.4,
625508692,1170.945,9096.965,6.4,
625508693,1136.752,9134.405,6.4,
625508694,1096.329,9259.693,6.4,
625508695,1058.644,9229.173,6.4,
625508696,1002.367,9240.292,6.4,
760502513,1358.894,8054.937,6.4,
760502514,1344.215,8096.169,6.4,
760502515,1274.56,8068.753,6.4,
760502516,1289.2,8038.781,6.4,
760502517,1335.591,7942.629,6.4,
760502518,1381.709,7870.555,6.4,
760502519,1422.067,7912.854,6.4,
760502520,1498.567,7940.231,6.4,
760502521,1523.843,7886.853,6.4,
760502522,1587.762,7925.754,6.4,
760502523,1406.519,7954.994,9.6,
760502524,1396.866,8009.559,6.4,
760502525,1422.048,8128.155,6.4,
760502526,1330.242,8287.198,6.4,
760502527,1446.162,8275.08,6.4,
760502528,1419.488,8222.263,6.4,
760502529,1393.65,8241.886,6.4,
760502530,1358.442,8269.998,6.4,
760502531,1359.486,8253.062,6.4,
760502532,1510.324,7839.903,6.4,
760502533,1528.635,7848.759,6.4,
760502534,1542.635,7856.529,6.4,
760502535,1585.819,7880.69,6.4,
760502536,1599.323,7888.244,6.4,
760502537,1615.006,7897.072,6.4,
760502538,1638.859,7915.637,6.4,
760502539,1655.835,7926.771,6.4,
760502540,1670.113,7933.789,6.4,
760502541,1706.994,7947.246,6.4,
760502542,1719.934,7962.266,6.4,
760502543,1735.101,7970.88,6.4,
760502544,1743.425,7977.144,6.4,
760502545,1753.738,7979.035,6.4,
760502546,1772.213,7991.043,6.4,
783770917,1577.869,7955.115,6.4,
783770918,1570.977,7974.735,6.4,
783770919,1669.862,8133.265,6.4,
783770920,1654.092,8175.607,6.4,
783770921,1830.04,8159.26,6.4,Altsasuko udaletxea
783770922,1822.068,8168.935,6.4,
783770923,1833.634,8169.665,6.4,
783874256,2350.67,8182.664,6.4,
783874257,2206.975,8124.873,6.4,
783874258,2235.482,8137.137,6.4,
783874259,2191.277,8169.534,6.4,
783874260,2193.692,8163.972,6.4,
783874261,2195.965,8158.27,6.4,
783874262,2198.441,8152.671,6.4,
783874263,2218.173,8181.008,6.4,
783874264,2220.387,8175.358,6.4,
783874265,2222.458,8169.756,6.4,
783874266,2224.93,8164.461,6.4,
783874267,2165.884,8229.496,6.4,
783874268,2171.088,8217.745,6.4,
783874269,2175.937,8206.349,6.4,
783874270,2181.657,8191.901,6.4,
783874271,2207.316,8202.945,6.4,
783874272,2228.649,8231.699,6.4,
783874273,2232.263,8222.995,6.4,
783874274,2235.872,8214.501,6.4,
783874275,2218.621,8255.809,6.4,
783874277,2156.015,8373.265,6.4,
783874278,2149.079,8386.716,6.4,
783874279,2145.301,8395.523,6.4,
783874280,2141.934,8404.108,6.4,
783874281,2138.341,8413.129,6.4,
783874282,2134.418,8421.709,6.4,
783874283,2130.502,8430.51,6.4,
783874284,2126.91,8439.42,6.4,
783874285,2122.325,8449.792,6.4,
783874286,2094.695,8077.315,6.4,
783874287,2105.599,8081.799,6.4,
783874288,2117.784,8090.851,6.4,
783874289,2110.517,8118.688,6.4,
783874291,1786.693,7998.932,6.4,
783874292,1806.61,8004.631,6.4,
783874293,1826.983,8028.364,6.4,
783874294,1827.808,8039.816,6.4,
783874295,1839.079,8040.161,6.4,
783874296,1835.558,8047.402,6.4,
783874297,1839.234,8054.426,6.4,
783874298,1830.206,8071.623,6.4,
783874299,1897.561,8043.798,6.4,
783874300,1888.606,8066.388,6.4,
783874301,1864.729,8040.262,6.4,
783874302,1862.829,8054.153,6.4,
783874303,1856.463,8068.724,6.4,
783874304,1863.482,8073.918,6.4,
783874305,1853.878,8076.975,6.4,
783874306,1863.234,8081.85,6.4,
783874307,1851.942,8087.057,6.4,
783874308,1850.489,8094.14,6.4,
783874309,1848.328,8106.653,6.4,
783874310,1878.702,8101.876,6.4,
783874311,1874.638,8113.738,6.4,
783874312,1866.28,8122.245,6.4,
783874313,1838.681,8127.519,6.4,
783874314,1811.475,8122.191,6.4,
783874315,1826.241,8125.384,6.4,
783874316,1779.37,8046.308,6.4,
783874317,1792.183,8024.16,6.4,
783874318,1788.184,8015.25,6.4,
783874319,1798.482,8040.94,6.4,
783874320,1812.403,8050.189,6.4,
783874323,1653.954,8095.13,6.4,
783874324,1662.967,8074.815,6.4,
783874325,1648.931,8055.477,6.4,
783874326,1673.385,8041.599,6.4,
783874327,1693.746,8026.522,6.4,
783874328,1666.047,8027.311,6.4,
783874329,1677.779,8029.5,6.4,
783874330,1690.664,8032.755,6.4,
783874331,1700.698,8036.504,6.4,
783874332,1729.881,8051.414,6.4,
783874333,1720.418,8074.242,6.4,
783874334,1714.085,8050.725,6.4,
783874335,1722.221,8062.968,6.4,
783874336,1753.932,8078.057,6.4,
783874337,1781.169,8084.976,6.4,
783874338,1788.175,8092.926,6.4,
783874339,1802.222,8049.761,6.4,
783874340,1797.083,8073.874,6.4,
783874341,1800.308,8064.241,6.4,
783874342,1803.892,8058.242,6.4,
783874343,1714.874,8089.472,6.4,
783874344,1723.345,8099.189,6.4,
783874345,1690.028,8103.16,6.4,
783874346,1708.413,8103.537,6.4,
783874347,1711.438,8095.731,6.4,
784673755,1635.965,7974.452,6.4,
784673756,1621.421,7947.441,6.4,
784673757,1696.11,7984.265,6.4,
784673758,1690.736,8000.98,6.4,
784673759,1702.178,8008.345,6.4,
784673760,1715.995,8016.238,6.4,
784673761,1727.534,8022.594,6.4,
784673762,1751.101,8034.809,6.4,
784673763,1758.376,8016.354,6.4,
784673764,1751.798,8004.685,6.4,
784673765,1743.622,8001.74,6.4,
784673766,1728.963,7996.037,6.4,
784673767,2035.96,7965.126,6.4,
784673768,2059.666,7842.54,6.4,
784673769,2075.013,7856.103,6.4,
784673770,2096.545,7829.919,6.4,
784673771,2108.35,7828.882,6.4,
784673772,2115.96,7838.162,6.4,
784673773,2110.894,7841.994,6.4,
784673774,2144.313,7832.416,6.4,
784673775,2144.451,7814.766,6.4,
784673776,2175.371,7811.881,6.4,
784673777,2230.87,7765.735,6.4,Izelai
784673778,2318.791,7796.878,6.4,
784673779,2364.819,7791.838,6.4,
784673780,2389.568,7730.008,6.4,
784673781,2515.59,7716.16,6.4,
784673782,2547.482,7688.88,6.4,
784673783,2569.148,7714.936,6.4,
784673784,1481.271,8457.85,6.4,
784673785,1511.836,8433.921,6.4,
784673786,1456.331,8445.269,6.4,
784673787,1494.482,8558.544,6.4,
784673788,1519.066,8704.799,6.4,
784673789,1481.38,8712.013,3.2,
784673790,1470.896,8736.116,6.4,
784673791,1498.963,8673.688,6.4,
784673792,1547.277,8656.583,6.4,
784673793,1569.732,8668.588,6.4,
784673794,1774.047,8835.386,6.4,
784673795,1596.353,8891.646,6.4,
784673796,1523.405,8777.027,6.4,
784673797,1450.199,8765.099,6.4,
784673799,1640.391,8553.346,6.4,
784673801,1490.221,8140.469,6.4,
784673802,1484.716,8154.866,6.4,
784673803,1478.384,8168.491,6.4,
784673804,1472.982,8186.321,6.4,
784673805,1468.561,8198.609,6.4,
784673806,1482.279,8200.212,6.4,
784673807,1499.54,8201.381,6.4,
784673808,1514.397,8204.807,6.4,
784673809,1522.601,8209.81,6.4,
784673810,1539.738,8208.751,6.4,
784673811,1565.366,8193.497,6.4,
784673812,1580.148,8175.215,6.4,
784673813,1571.591,8170.504,6.4,
784673814,1534.787,8160.783,6.4,
784673815,1500.71,8146.438,6.4,
784673816,1602.393,8188.483,6.4,
784673817,1595.389,8213.078,6.4,
784673818,1620.556,8209.036,6.4,
784673819,1628.933,8219.242,6.4,
784673820,1458.468,8228.605,6.4,
784673821,1476.22,8220.48,6.4,
784673822,1485.311,8224.192,6.4,
784673823,1499.171,8227.824,6.4,
784673824,1523.835,8234.004,6.4,
784673825,1543.495,8242.865,6.4,
784673826,1523.424,8269.202,6.4,
784673827,1499.226,8259.441,6.4,
784673828,1486.911,8249.304,6.4,
784673829,1475.862,8244.074,6.4,
784673830,1406.004,8208.209,6.4,
784673831,1366.254,8196.417,6.4,
784673832,1331.92,8187.115,6.4,
784673833,1311.629,8179.604,6.4,
784673834,1304.993,8175.498,6.4,
784673835,1360.135,8207.204,6.4,
784673836,1295.143,8133.826,6.4,
784673837,1299.697,8147.267,6.4,
784673838,1337.332,8153.742,6.4,
784673839,1352.787,8163.648,6.4,
784673840,1368.187,8167.688,6.4,
784673841,1383.157,8174.206,6.4,
784673842,1404.84,8178.229,6.4,
784673843,1421.328,8186.645,6.4,
784673844,1433.057,8187.585,6.4,
784673845,1443.385,8194.399,6.4,
784673846,1449.023,8180.935,6.4,
784673847,1201.405,8170.91,6.4,
784673848,1156.203,8171.276,6.4,
784673849,1169.374,8184.643,6.4,
784673850,1122.667,8184.006,6.4,
784673851,1116.419,8169.966,6.4,
784673852,1093.877,8171.261,6.4,
784673853,1087.451,8172.853,6.4,
784673854,1082.53,8175.746,6.4,
784673855,1074.423,8176.679,6.4,
784673856,1068.313,8177.939,6.4,
784673857,1087.709,8216.54,6.4,
784673858,1106.107,8206.611,6.4,
784673859,1131.62,8203.032,6.4,
784673860,1136.297,8217.251,6.4,
784673861,1140.218,8229.645,6.4,
784673862,1127.741,8246.556,6.4,
784673863,1113.549,8251.014,6.4,
784673864,1047.772,8204.492,6.4,
784673865,1035.008,8208.002,6.4,
784673866,985.05,8202.811,6.4,
784673867,982.253,8177.092,6.4,
784673868,993.821,8186.627,6.4,
784673869,983.219,8149.73,6.4,
784673870,1075.633,8093.437,6.4,
784673871,1059.627,8024.355,6.4,
784673872,1044.524,8016.484,6.4,
784673873,1034.116,8001.146,6.4,
784673874,1028.861,7986.896,6.4,
784673876,915.593,7913.429,6.4,
784673877,971.51,7938.128,6.4,
784673878,932.654,7980.442,6.4,
784673879,941.073,8013.532,6.4,
784673885,1071.485,7873.765,6.4,
784673886,1055.983,7916.217,6.4,
784673889,1020.433,8262.445,6.4,
784797026,1361.753,8929.318,6.4,
784797027,1361.813,8938.3,6.4,
784797028,1362.19,8954.874,6.4,
784797029,1340.65,8949.29,6.4,
784797030,1334.556,8960.473,6.4,
784797031,1328.644,8970.993,6.4,
784797032,1320.475,8982.59,6.4,
784797033,1342.574,8971.367,6.4,
784797034,1341.297,8981.557,6.4,
784797035,1343.956,8991.439,6.4,
784797036,1332.646,9009.809,6.4,
784797037,1318.355,9009.002,6.4,
784797038,1349.227,9009.835,6.4,
784797039,1337.264,9044.101,6.4,
784797040,1345.588,9041.835,6.4,
784797041,1342.546,9029.054,6.4,
784797042,1349.714,9086.475,6.4,
784797046,1334.389,9162.204,6.4,
784797047,1338.42,9157.963,6.4,
784797048,1386.62,9133.198,6.4,
784797050,1416.411,9135.845,6.4,
784797051,1405.943,9140.928,6.4,
784797053,1441.337,9150.783,6.4,
784797054,1537.21,9183.854,6.4,
784797055,1554.397,9197.075,6.4,
784797056,1557.378,9176.461,6.4,
784797057,1557.441,9162.383,6.4,
784797058,1605.041,9243.382,6.4,
784797059,1689.397,9234.643,6.4,
784797060,1703.702,9160.926,6.4,
784797062,1695.176,9294.544,6.4,
784797063,1674.401,9284.613,6.4,
784797067,1875.534,8990.222,6.4,
784797070,1954.722,8928.181,3.2,
784797072,1991.653,8970.14,6.4,
784797073,1985.179,8929.703,3.2,
784797074,1983.68,8938.99,3.2,
784797075,2092.35,8954.418,6.4,
784797076,2098.82,8960.815,6.4,
784797077,2091.906,8986.04,6.4,
784797078,2202.111,9012.577,6.4,q
784797079,2246.553,8932.263,3.2,
784797084,2421.677,8944.134,6.4,
784797085,2505.454,8917.032,6.4,
784797086,2534.346,8904.799,6.4,
784797087,2575.317,8905.377,6.4,
784797088,2600.973,8903.07,6.4,
784797089,2463.522,8878.932,6.4,
784797090,2441.442,8889.424,6.4,
784797091,2416.712,8891.787,6.4,
784797093,2347.905,8761.68,6.4,
784797095,2168.796,8855.529,6.4,
784797096,2112.745,8820.042,6.4,
784797097,2141.843,8774.159,6.4,
784797098,2110.914,8793.737,6.4,
784797099,2086.3,8612.445,6.4,
784797100,1701.803,8543.791,6.4,
784797102,2018.34,7956.097,6.4,
882508253,835.778,7437.693,6.4,
882508262,533.298,8342.645,6.4,
1188336569,611.805,8438.319,6.4,
1225594662,597.596,8713.174,6.4,
1225594663,525.37,8703.706,6.4,
1225594664,548.601,8676.549,6.4,
1225594665,553.118,9046.849,6.4,
1225594666,654.372,8987.726,6.4,
1225594667,651.491,8868.884,6.4,
1225594668,624.852,8563.126,6.4,
1225594672,919.481,9853.604,6.4,
1225594673,917.656,9898.839,6.4,
1225594674,986.377,9850.6,6.4,
1225594678,946.116,9163.251,6.4,
1225734361,474.986,8755.014,6.4,
1225734362,469.008,8651.102,6.4,
1225734363,520.013,8631.961,6.4,
1225734367,579.646,8963.249,6.4,
1225734368,566.033,8978.712,6.4,
1225734369,589.011,8936.933,6.4,
1225734370,598.75,8917.134,6.4,
1225734371,671.246,8917.263,6.4,
1225734379,503.121,8862.617,6.4,
1225734380,590.172,8827.513,6.4,
1225734381,667.91,8803.84,6.4,
1225734382,723.227,8740.27,6.4,
1225734383,770.483,8711.071,6.4,
1225734384,737.676,8758.167,6.4,
1225734385,683.386,8930.698,6.4,
1225734386,781.565,8604.838,6.4,
1225734387,800.176,8603.548,6.4,
1225734388,815.714,8602.46,6.4,
1225734389,868.719,8554.219,6.4,
1225734391,823.255,8565.974,6.4,
1225734392,1008.974,8527.469,6.4,
1225734393,1007.169,8382.334,6.4,
1225734394,893.289,8192.533,6.4,
1225734395,877.183,8263.892,6.4,
1225734397,930.9,8425.171,6.4,
1225734398,970.321,8409.817,6.4,
1225734399,1091.383,8471.168,6.4,
1225734400,1149.604,8456.005,6.4,
1225734401,1161.953,8465.418,6.4,
1225734402,1036.635,8655.061,6.4,
1225734403,990.574,8645.086,6.4,
1225734404,887.526,8623.283,6.4,
1225734405,821.633,8496.6,6.4,
1225734406,1207.587,8817.922,6.4,
1225734407,1125.857,9113.716,6.4,
1225734408,1137.909,9082.055,6.4,
1225734409,1211.099,9081.885,6.4,
1225734410,1148.372,9157.367,6.4,
1225734412,1207.142,9208.736,6.4,
1225734413,973.267,9299.685,6.4,
1225734414,1214.781,9286.828,6.4,
1225734416,1107.134,9194.292,6.4,
1225734417,1031.551,9267.024,6.4,
1225734418,1033.122,9249.106,6.4,
1225734419,1049.947,9257.486,6.4,
1225734420,1063.031,9284.624,6.4,
1225734421,1078.704,9279.515,6.4,
1225734422,1015.985,9338.232,6.4,
1225734423,1044.279,9334.868,6.4,
1225734424,1069.747,9340.547,6.4,
1225734425,1070.728,9318.165,6.4,
1225734429,1139.199,9299.949,6.4,
1225734430,919.254,9979.02,6.4,
1225734431,1000.878,10121.2,6.4,
1225734432,1056.463,10084.54,6.4,
1225734433,1442.343,8837.742,6.4,
1225734435,1363.305,8857.476,6.4,
1225734436,1399.523,8845.329,6.4,
1225734437,1464.755,9295.58,6.4,
1225734438,1497.282,9299.228,6.4,
1225734439,1402.191,9319.412,6.4,
1227104495,1890.034,8816.019,6.4,
1227104496,1426.986,9221.652,6.4,
1227104497,1392.957,9267.896,6.4,
1227104498,1350.761,9281.086,6.4,
1227104499,1325.857,9327.875,6.4,
1227104501,1455.501,9242.533,6.4,
1227104502,1469.638,9188.262,6.4,
1227104504,1903.936,9303.582,6.4,
1227104505,1997.452,9067.243,6.4,
1227104508,1771.521,7568.45,6.4,
1227104512,1821.24,7601.708,6.4,
1227104519,1878.337,7658.563,6.4,
1227104520,1892.886,7677.443,6.4,
1227121259,1929.379,7722.075,6.4,
1227121260,1964.224,7808.733,6.4,
1227121262,1822.751,7505.498,6.4,
1227121263,1840.848,7527.601,6.4,
1227121264,1877.886,7572.241,6.4,
1227121265,1904.455,7524.306,6.4,
1227121266,1882.684,7480.091,6.4,
1227121267,2096.332,7764.506,6.4,
1227121268,2128.235,7775.663,6.4,
1227121269,2137.021,7670.743,6.4,
1227121270,2004.405,7710.11,6.4,
1227121271,2013.885,7601.153,6.4,
1227121273,1974.812,7658.249,6.4,
1227121274,2134.285,7453.004,6.4,
1227121276,1999.013,7674.085,6.4,
1227121277,2021.688,7732.456,6.4,
1227121278,2035.368,7750.401,6.4,
1227121279,2047.016,7753.757,6.4,
1227121280,2110.072,7731.294,6.4,
1227121281,2111.731,7764.93,6.4,
1227121282,2154.624,7711.524,6.4,
1227121283,2156.968,7679.493,6.4,
1227121284,2125.062,7626.39,6.4,
1227121285,2080.104,7677.669,6.4,
1257117434,1814.343,7607.54,3.2,
1313606543,3322.945,8845.751,6.4,
1313606544,3278.438,8858.748,6.4,
1313606545,3291.223,8859.728,6.4,
1313606546,3255.496,8879.515,6.4,
1313606548,3274.43,8661.193,6.4,
1313628217,933.375,7873.777,6.4,
1313628218,944.833,7871.235,6.4,
1313628219,972.504,7892.963,6.4,
1313628220,1023.119,7920.502,6.4,
1313628221,1008.436,7905.702,6.4,
1313628222,991.886,7906.721,6.4,
1313628223,1034.692,7940.285,6.4,
1313628224,1047.767,7943.245,6.4,
1313628227,836.473,7746.913,6.4,
1313628228,797.097,7675.079,6.4,
1313628229,777.133,7678.061,6.4,
1313628230,755.389,7694.724,6.4,
1313628232,737.214,7662.426,6.4,
1363849817,1095.028,8791.661,6.4,
1470013164,1654.743,8057.112,6.4,
1470013165,1660.439,8058.681,6.4,
1470013166,1666.365,8060.203,6.4,
1470013167,1672.519,8061.735,6.4,
1470013168,1678.543,8063.238,6.4,
1470013169,1684.515,8064.782,6.4,
1470013170,1690.676,8066.492,6.4,
